Index	Date	Time	Temp	pH	SpCond	TDS	DO	E. coli
8	14Feb00	104455	0.05	7.68	1177	0.7534	13.5	170
9	21Feb00	120811	2.38	7.83	1351	0.865	12.53	10
10	01Mar00	105201	9.8	8.03	1178	0.7542	10.94	50
11	06Mar00	104828	8.39	7.87	1394	0.8924	11.5	20
12	08Mar00	104024	13.05	7.86	1401	0.8965	9.45	20
13	13Mar00	104355	4.42	7.88	3587	2.285	13.06	180
14	20Mar00	###	###	###	0	0	###	1200
15	27Mar00	103839	11.51	7.88	1384	0.8855	9.66	220
16	03Apr00	113909	13.8	7.96	1262	0.8077	8.67	110
17	05Apr00	123822	9.24	7.99	1385	0.8862	11.19	60
18	10Apr00	103349	9.29	8.09	896.7	0.5739	10	180
19	17Apr00	110053	13.73	7.8	864	0.553	8.81	8000
20	21Apr00	110324	12.63	7.88	857.4	0.5487	9.09	2600
21	01May00	112903	16.29	7.85	925.9	0.5925	8.01	4500
22	08May00	101323	21.21	7.91	1052	0.6734	7.66	630
23	15May00	101825	15.12	7.43	813.2	0.5205	7.65	510
24	22May00	113424	16.52	7.67	833.7	0.5336	9.34	150
25	30May00	122454	19.3	7.87	892	0.571	8.71	190
26	05Jun00	111033	18.83	7.27	999.3	0.6395	6.58	8000
27	12Jun00	112839	24.46	7.47	1239	0.7932	8.74	900
28	19Jun00	93633	18.51	7.58	604	0.3866	9.86	1200
29	26Jun00	105151	23.66	7.41	753.4	0.4822	6.11	630
30	28Jun00	102446	20.1	7.84	914	0.585	8.36	1000
31	10Jul00	113354	24.75	7.94	1121	0.7171	7.02	1600
32	17Jul00	113049	22.95	7.88	593.7	0.3799	7.67	550
33	24Jul00	104951	20.16	7.82	1361	0.8708	5.99	550
34	26Jul00	105025	21.84	7.89	1357	0.8687	7.25	2900
35	31Jul00	110547	22.18	7.62	547.5	0.3504	6.94	2900
36	02Aug00	95936	22.2	7.72	594.9	0.3807	6.52	8000
37	07Aug00	114324	22.89	7.83	356.8	0.2283	7.69	5500
38	14Aug00	113918	21.96	7.65	1140	0.73	6.64	400
39	21Aug00	111255	18.93	7.53	867	0.555	7.87	7800
40	28Aug00	114300	23.72	7.95	911	0.583	10.57	450
41	06Sep00	104335	17.14	7.65	567	0.363	7.82	30440
42	11Sep00	111233	22.52	7.74	430	0.275	7.52	6090
43	13Sep00	110451	18.67	7.9	706	0.452	8.38	860
44	18Sep00	112704	###	###	0	0	###	1040
45	25Sep00	102429	14.38	7.71	477	0.308	7.29	4570
46	02Oct00	104731	17.12	7.87	993.2	0.6356	7.59	630
47	08Oct00	114314	8.5	8.11	915.8	0.5861	9.72	410
48	16Oct00	114617	15.66	7.8	935.5	0.5987	7.08	630
49	23Oct00	110221	16.33	7.71	1065	0.6814	6.36	310
50	30Oct00	103542	9.66	7.66	1125	0.7201	8.71	200
51	01Nov00	102032	12.5	7.72	1112	0.711	4.72	5830
52	06Nov00	104217	8.57	7.61	1190	0.7615	8.52	100
53	13Nov00	105427	9.56	7.67	641.7	0.4107	11.12	1340
54	20Nov00	93818	1.6	7.77	1027	0.6571	15.86	1810
55	27Nov00	104027	4.41	7.69	645.4	0.413	10.74	740
56	04Dec00	105916	0.12	7.64	1036	0.6629	16.46	100
57	06Dec00	100432	0	7.52	1204	0.7707	14.29	100
58	11Dec00	102322	1.52	7.53	911.6	0.5834	11.56	27550
59	18Dec00	105051	-0.12	7.67	1108	0.7089	18.97	2590
60	26Dec00	103300	###	###	0	0	###	###
61	02Jan01	###	###	###	0	0	###	###
62	11Jan01	###	###	###	0	0	###	###
63	16Jan01	105839	0.56	###	1840	1.177	12.84	410
64	22Jan01	102257	-0.17	###	1415	0.9059	16.74	410
65	29Jan01	110330	0.44	6.92	1468	0.939	12.15	100
66	05Feb01	104113	1.75	7.94	1260	0.806	12.52	200
67	07Feb01	113636	1.37	8.09	1343	0.859	15.1	100
68	12Feb01	100835	1.28	8.05	474	0.304	15.14	520
69	20Feb01	101558	5.08	8.04	1204	0.771	18.18	100
70	26Feb01	95950	4.03	8.01	921	0.589	12.13	1690
71	05Mar01	103016	2.8	7.77	1242	0.795	13.08	310
72	07Mar01	100110	0.44	7.9	880	0.563	17.4	860
73	12Mar01	110541	5.92	8.05	1219	0.78	13.85	200
74	20Mar01	95346	5.43	7.86	1085	0.6947	11.51	100
75	26Mar01	111400	1.7	7.87	883.3	0.5653	16.47	100
76	02Apr01	101317	7.25	7.73	1052	0.6734	10.24	100
77	09Apr01	101259	19.59	7.7	1232	0.7886	4.15	100
78	17Apr01	100121	7.18	7.77	889.7	0.5694	10.28	310
79	23Apr01	105839	19.41	7.88	1135	0.7261	9.22	100
80	30Apr01	101633	15.7	7.8	1182	0.7563	8.29	100
81	07May01	95315	20.07	7.64	1263	0.8085	4.18	1350
82	09May01	110247	17.53	7.87	623	0.399	9.69	970
83	14May01	102344	16.12	7.73	1176	0.7527	5.48	740
84	21May01	110244	20.55	7.56	840	0.5376	6.25	3450
85	29May01	103539	16.5	7.94	887	0.567	6.89	740
86	04Jun01	102456	14.47	7.84	598.7	0.3832	8.52	241920
87	06Jun01	103411	17.92	7.6	282.6	0.1809	8.42	81640
88	11Jun01	112535	21.61	7.78	1066	0.6823	8.04	100
89	18Jun01	100800	22.14	7.82	864.5	0.5533	6.8	1220
90	25Jun01	101728	20.71	7.86	852.6	0.5457	6.32	2010
91	02Jul01	112750	19.01	7.93	626	0.4	6.47	36540
92	09Jul01	102439	22.66	7.9	474	0.303	6.59	13540
93	16Jul01	103631	21.96	7.95	1109	0.7098	7.05	1350
94	23Jul01	102525	25.38	7.66	556.8	0.3564	5.81	2160
95	30Jul01	115810	24.55	7.85	860.4	0.5507	8.3	1610
96	06Aug01	101332	24.19	7.87	1197	0.7663	7.13	630
97	13Aug01	112026	23.49	7.79	1247	0.7982	9.45	840
98	15Aug01	102558	20.94	7.89	1171	0.7495	6.89	310
99	20Aug01	94802	19.45	7.72	783.5	0.5014	5.93	1710
100	27Aug01	102027	21.38	7.81	633.3	0.4053	6.14	200
101	04Sep01	95148	21.83	7.82	875.6	0.5604	6.01	970
102	10Sep01	115315	19.97	7.9	433	0.277	8.34	2980
103	12Sep01	101627	18.57	7.89	809.4	0.518	7.76	740
104	17Sep01	104627	16.59	8	1146	0.7336	7.63	200
105	24Sep01	95938	17.48	7.85	7	0.004	8.31	8600
106	01Oct01	101743	13.34	7.89	1046	0.6695	9.75	200
107	08Oct01	102055	10.14	7.75	807.3	0.5167	8.83	740
108	15Oct01	102913	13.38	8	646.1	0.4135	12.04	2620
109	22Oct01	115342	15.54	7.91	1132	0.724	8.61	310
110	29Oct01	102543	7.76	8.08	1186	0.7588	10.45	410
111	05Nov01	115811	###	###	###	###	###	100
112	12Nov01	100552	6.53	7.93	1283	0.8211	10.35	310
113	14Nov01	95509	8.22	7.74	471.2	0.3016	8.87	100
114	19Nov01	###	###	###	0	0	###	###
115	27Nov01	101840	11.27	7.79	13	0.008	9.72	4570
116	03Dec01	111553	7.44	6.91	916	0.586	12.95	630
117	04Dec01	93936	10.22	7.9	1092	0.699	12.22	1310
118	10Dec01	121221	###	###	###	###	###	300
119	12Dec01	104144	6.49	###	1266	0.8103	11.37	630
120	18Dec01	112647	7.48	###	710	0.4544	11.87	4500
121	07Jan02	103802	0.75	###	853	0.546	12.26	520
122	09Jan02	101541	0.35	###	1655	1.059	12	100
123	15Jan02	103500	###	###	###	###	###	1220
124	28Jan02	112226	4.57	8.07	1252	0.801	11.46	200
125	30Jan02	###	###	###	###	###	###	2110
126	04Feb02	103100	###	###	###	###	###	520
127	06Feb02	###	###	###	###	###	###	410
128	12Feb02	112900	###	###	###	###	###	100
129	19Feb02	95800	###	###	###	###	###	100
130	25Feb02	113916	7.3	7.89	1283	0.8212	14.86	740
131	04Mar02	124223	0.47	7.82	1244	0.7963	13.05	630
132	06Mar02	103038	4.17	7.77	1322	0.8462	10.81	510
133	12Mar02	104656	6.47	8.04	1401	0.8964	10.95	520
134	18Mar02	115155	8.25	8.14	1306	0.8359	11.85	100
135	27Mar02	112515	4.41	6.3	2041	1.306	13.49	1190
136	01Apr02	123300	###	###	###	###	###	200
137	04Apr02	102930	5.83	7.84	1246	0.798	18.71	393
138	15Apr02	104020	17.45	8	1100	0.7038	9.44	2063
139	18Apr02	100311	19.75	7.79	1350	0.8643	8.98	309
140	29Apr02	104009	10.5	7.75	1094	0.7002	9.84	4611
141	###	###	###	###	0	0	###	###
142	05Nov02	111220	7.36	7.87	1018	0.6513	9.28	249
143	07Nov02	105909	5.81	7.73	700.5	0.4483	10.85	487
144	11Nov02	113116	10.65	7.95	480	0.3074	10.91	7270
145	13Nov02	103239	7.6	7.98	799	0.5113	9.74	2098
146	19Nov02	110149	7.05	7.94	939	0.6012	10.23	441
147	03Dec02	103902	0.11	7.95	1185	0.7583	13.15	933
148	05Dec02	112251	0.07	7.9	969.4	0.6204	14.58	369
149	10Dec02	101255	0.13	7.86	5	0.003	15.04	776
150	11Dec02	140508	0.61	8.11	1960	1.256	15.16	933
151	17Dec02	104607	2.19	7.75	2147	1.374	11.93	771
152	08Jan03	110321	2.43	8	1725	1.104	12.91	2595
153	15Jan03	111836	-0.18	8.04	1301	0.8327	13.24	573
154	21Jan03	103832	-0.17	7.58	1628	1.042	13.12	708
155	28Jan03	###	###	###	0	0	###	###
156	30Jan03	###	###	###	0	0	###	###
157	05Feb03	121851	-0.17	7.69	1933	1.237	13.43	910
158	12Feb03	110744	-0.3	6.44	2446	1.565	14.6	187
159	19Feb03	###	###	###	0	0	###	###
160	26Feb03	102500	###	###	0	0	###	###
161	27Feb03	101134	-0.24	7.63	2791	1.786	13.62	448
162	06Mar03	102240	0.21	7.52	1657	1.06	14.95	833
163	11Mar03	111319	0.79	7.62	1254	0.8028	16.04	369
164	13Mar03	102808	5.97	7.75	843.6	0.5396	11.44	17328
165	19Mar03	105220	11.44	7.77	1271	0.8132	14.09	359
166	27Mar03	120554	12.01	7.75	1198	0.7667	12.64	984
167	01Apr03	104806	10.36	7.66	1202	0.7696	11.7	435
168	07Apr03	103249	6.67	7.4	1104	0.7066	11.04	1467
169	17Apr03	104954	8.51	7.71	949.7	0.6097	10.22	7270
170	22Apr03	103820	10.7	7.32	1200	0.7681	7.78	###
171	28Apr03	105418	15.31	7.47	1234	0.7899	9.05	650
172	05May03	104829	15.31	7.4	347	0.2398	9.84	24192
173	08May03	101925	16.23	7.46	889	0.5693	8.23	1076
174	13May03	110303	14.76	7.62	1006	0.6436	9.58	1014
175	20May03	102617	18	7.92	1121	0.7174	6.01	644
176	27May03	123052	18.33	8.08	1186	0.759	9.42	399
177	02Jun03	114422	###	###	###	###	###	771
178	10Jun03	102153	17.86	7.41	1220	0.781	7.43	749
179	19Jun03	104026	21.08	7.88	1122	0.718	6.55	4611
180	24Jun03	105850	22	7.69	1077	0.6893	7.43	1145
181	30Jun03	111844	22.83	8.22	1200	0.768	7.22	2014
182	10Jul03	102049	21.7	7.9	382	0.244	7.92	7270
183	14Jul03	112159	21.92	7.99	958	0.613	7.57	1145
184	17Jul03	104332	21.42	7.84	911	0.583	8.57	1467
185	22Jul03	95300	20.72	7.82	584.5	0.3741	7.12	4106
186	29Jul03	105040	20.91	7.72	735	0.47	7.45	2481
187	07Aug03	111159	22.52	7.82	826.3	0.5288	6.79	771
188	12Aug03	111141	22.3	7.83	603	0.3861	6.4	3873
189	18Aug03	111323	21.94	7.49	810	0.5189	6.93	6893
190	26Aug03	104005	23.44	7.92	1159	0.7417	5.4	1785
191	28Aug03	110355	23.91	7.62	527	0.3379	5.6	15531
192	04Sep03	103805	19.56	8.09	876	0.561	7.56	1046
193	10Sep03	104908	20.52	8.03	1155	0.7391	7.14	620
194	16Sep03	103558	17.5	7.9	1169	0.7481	8.19	472
195	22Sep03	124128	19.49	7.87	269	0.172	4.9	15531
196	30Sep03	115448	12.5	7.58	814	0.5211	13.96	1017
197	09Oct03	112513	15.54	7.93	1134	0.726	8.51	766
198	14Oct03	105148	14.84	8.03	156.5	0.1002	9.41	24192
199	20Oct03	104254	13.24	7.85	1043	0.6675	7.82	1333
200	23Oct03	110343	11.44	8.08	1158	0.7409	11.29	262
201	28Oct03	110010	8.93	7.8	787	0.5037	8.55	538
202	05Nov03	103152	14.09	7.17	1013	0.6481	4.64	860
203	12Nov03	105324	12.71	7.25	828	0.53	9.67	4611
204	17Nov03	122439	8.94	8	1029	0.659	10.95	309
205	19Nov03	102541	12.39	7.37	362.9	0.2323	9.02	6867
206	24Nov03	114122	7.26	7.88	295.1	0.1889	11.52	19863
207	08Dec03	113247	4.66	8.03	999	0.639	11.88	448
208	10Dec03	110735	8.95	7.37	172	0.1101	10.54	17329
209	16Dec03	105652	3.69	7.19	2085	1.334	11.66	862
210	18Dec03	110700	1.11	7.24	1918	1.228	16.94	450
211	22Dec03	120026	3.8	8.09	1699	1.088	13.16	213
212	08Jan04	113238	1.46	7.92	1095	0.701	13.14	10462
213	13Jan04	112215	2.79	7.87	1177	0.754	13	1607
214	22Jan04	102941	0.15	7.18	1243	0.7953	12.47	24192
215	26Jan04	114349	0.57	7.15	1450	0.9282	12.11	4352
216	28Jan04	103245	-0.01	7.72	1814	1.161	11.65	3873
217	03Feb04	###	###	###	###	###	###	3448
218	09Feb04	###	###	###	###	###	###	9804
219	11Feb04	114718	0.56	7.14	2272	1.455	13.36	24192
220	16Feb04	103628	0.22	7.63	1759	1.126	12.73	3441
221	25Feb04	110536	3.28	7.32	1457	0.9324	14.81	441
222	04Mar04	103207	8.61	7.84	1373	0.878	10.08	650
223	11Mar04	104029	6.75	7.73	1367	0.875	11.76	86
224	18Mar04	124425	4.39	7.98	2079	1.33	12.84	332
225	22Mar04	110837	3.86	7.89	1597	1.022	15.04	10
226	24Mar04	110135	9.56	7.39	905	0.579	9.44	586
227	06Apr04	112649	10.73	8.13	1252	0.801	12.3	464
228	13Apr04	113740	7.5	8.12	1297	0.8303	11.52	335
229	15Apr04	105744	11.51	8.15	1333	0.853	11.05	6131
230	22Apr04	102526	14.66	7.22	1207	0.7725	7.69	201
231	29Apr04	105032	15.52	7.39	1308	0.8371	7.65	324
232	04May04	103554	12.2	7.81	1050	0.6719	9.71	464
233	13May04	104648	20.78	7.39	###	###	5.96	7270
234	19May04	105214	19.63	7.88	408	0.2613	8.13	17329
235	24May04	104113	20.51	7.87	751.1	0.4807	6.43	15531
236	27May04	121224	20.37	7.78	713.2	0.4565	6.55	833
237	02Jun04	105819	18.91	7.57	937	0.5997	7.6	1317
238	08Jun04	115543	24.17	7.64	1138	0.7283	7.83	728
239	17Jun04	###	###	###	0	0	###	###
240	21Jun04	112515	20.04	7.96	1122	0.718	8.04	435
241	29Jun04	110521	20.19	7.58	1175	0.752	7.91	1081
242	07Jul04	110551	22.89	7.92	1017	0.651	6.76	2187
243	08Jul04	100842	20.5	8	1048	0.671	8.57	4352
244	13Jul04	93334	23.71	7.72	603.2	0.386	6	7270
245	21Jul04	110823	23.53	8.06	1136	0.727	7.89	907
246	27Jul04	103454	18.47	7.98	1010	0.6462	9.49	3255
247	02Aug04	111309	22.78	8.01	1161	0.7431	5.58	441
248	05Aug04	101900	21.01	7.91	541.2	0.3464	7	24192
249	10Aug04	101148	21.21	8.1	1146	0.7331	7.54	495
250	18Aug04	102144	20.32	8.08	1234	0.7897	8.76	6488
251	24Aug04	104015	21.79	7.93	938	0.6007	6.2	2187
252	02Sep04	102508	20.52	8.06	1031	0.6597	7.6	1296
253	09Sep04	124728	19.93	8.09	1104	0.707	9.34	697
254	14Sep04	100226	21.05	7.91	1206	0.7719	7.52	8164
255	22Sep04	103207	17.91	7.83	1213	0.776	7.15	278
256	27Sep04	103243	16.54	7.73	1331	0.8518	8.15	313
257	04Oct04	113007	13.27	7.86	1367	0.875	8.1	63
258	06Oct04	112104	11.35	7.84	1356	0.8681	8.49	63
259	14Oct04	###	###	###	###	###	###	1789
260	18Oct04	###	###	###	###	###	###	24192
262	26Oct04	101115	13.2	7.63	792	0.5069	8.92	435
263	01Nov04	123713	13.43	7.65	1036	0.6631	8.18	63
264	04Nov04	102946	11.63	7.91	695	0.4452	8.11	933
265	10Nov04	104718	7.73	7.81	1081	0.6916	10.96	455
266	16Nov04	101853	8.32	7.78	1017	0.6511	9.58	411
267	18Nov04	104942	12.3	7.85	1086	0.6951	10.4	218
268	01Dec04	110802	6.18	7.99	419	0.2684	10.64	6867
269	06Dec04	110851	8.14	7.93	1037	0.664	9.28	4884
270	08Dec04	102025	8.64	7.81	559.1	0.3579	11.08	1455
271	13Dec04	111241	3.54	7.82	926	0.5926	13.48	223
272	16Dec04	104640	0.89	7.94	1095	0.701	13.18	884
273	04Jan05	110525	8.36	7.75	687.4	0.4399	11.54	4034
274	10Jan05	103953	5.34	7.9	1188	0.761	11	1515
275	12Jan05	102953	9.57	7.8	626	0.401	9.98	17329
276	24Jan05	105200	0.14	7.95	2069	1.324	13.24	1067
277	27Jan05	103332	0.08	7.73	1866	1.194	12.62	332
278	02Feb05	105940	1.02	7.72	1839	1.177	12.77	457
279	08Feb05	105514	6.53	7.77	1269	0.8121	10.84	1664
280	15Feb05	104958	6.43	8.01	1098	0.703	11.94	1785
281	23Feb05	101330	3.39	7.94	1318	0.8437	15.55	275
282	28Feb05	114105	5.62	7.98	1442	0.923	14.22	1565
283	03Mar05	105120	0.95	7.94	1386	0.8871	14.02	109
284	08Mar05	104624	3.84	7.98	1361	0.8713	15.54	598
285	14Mar05	105648	2.82	7.75	1335	0.8542	15.96	836
286	23Mar05	104644	5.53	7.84	1043	0.6674	10.78	5794
287	31Mar05	100910	12.41	7.77	1194	0.7641	9.59	379
288	06Apr05	105134	15.39	8.01	1230	0.7871	9.66	160
289	11Apr05	111256	18.46	8.06	1184	0.7576	9.07	295
290	12Apr05	112129	14.93	7.85	1313	0.8403	6.81	583
291	21Apr05	111102	16.08	7.66	1017	0.6506	7.56	3255
292	25Apr05	111520	11.24	8.13	997.7	0.6385	8.93	763
293	03May05	95321	8.1	8.04	1129	0.7225	10.01	591
294	09May05	115120	20	8.06	1177	0.753	10.53	556
295	18May05	112224	16.39	8	1070	0.685	9.66	563
296	24May05	103602	16.95	7.89	1111	0.7112	8.99	###
297	26May05	110143	17.17	7.91	786.6	0.5034	8.39	364
298	01Jun05	104355	18.87	8.04	1260	0.8066	9.28	1019
299	06Jun05	113751	23.42	8.04	1339	0.8568	7.68	789
300	08Jun05	103446	23.76	8.02	1310	0.8384	6.98	644
301	16Jun05	101424	19.56	7.74	1109	0.7101	6.92	1050
302	22Jun05	104019	23.37	7.95	1533	0.981	7.38	3255
303	06Jul05	102203	22.6	7.97	956.2	0.612	6.55	1529
304	13Jul05	104130	21.61	7.79	504	0.3225	6.17	6488
305	18Jul05	100327	23.87	7.91	459.5	0.2941	6.75	3784
306	20Jul05	102503	24.12	7.97	798	0.5107	7.19	3441
307	28Jul05	101656	20.93	7.9	613	0.392	6.73	1281
308	02Aug05	101922	24.03	8.18	883.6	0.5655	8.03	432
309	08Aug05	110107	24.39	8.21	929	0.594	9.73	719
310	16Aug05	95839	21.96	8.03	738.4	0.4726	6.78	3448
311	22Aug05	113712	23.92	8.01	29	0.019	7.8	318
312	31Aug05	95227	21.57	7.96	354.2	0.2267	7.78	9804
313	01Sep05	104432	21.05	8.04	588.6	0.3767	7.72	1071
314	07Sep05	111130	20.33	8.04	1112	0.712	8.72	857
315	12Sep05	101208	21.37	8.03	813.8	0.5208	8.16	373
316	20Sep05	95638	20.55	7.84	297.1	0.1902	7.82	14136
317	28Sep05	95911	17.98	8.02	766.9	0.4908	7.7	3255
318	05Oct05	104726	20.24	8.08	1016	0.6501	7.69	313
319	12Oct05	93213	15.49	7.9	1108	0.7089	8.32	474
320	17Oct05	114541	14.12	8.05	1136	0.7269	9.02	52
321	20Oct05	114354	13.84	8.17	1140	0.729	9.59	171
322	25Oct05	110124	9.03	8.08	615.4	0.3939	10.2	1376
323	03Nov05	114134	11.4	7.78	855.3	0.5474	10.87	231
324	07Nov05	102400	10.7	7.76	471.5	0.3018	9.05	3873
325	09Nov05	104423	15.27	7.81	556.4	0.3561	7.29	1296
326	14Nov05	112635	9.04	7.93	991	0.634	8.77	959
327	30Nov05	105100	4.14	7.67	661.9	0.4236	10.4	2359
328	05Dec05	111803	0.4	8.04	1400	0.896	12.96	350
329	08Dec05	104809	0.23	8.01	1848	1.183	12.32	2481
330	13Dec05	101050	-0.12	8.05	1467	0.939	12.45	504
331	15Dec05	93717	-0.23	7.65	2433	1.557	13.18	7270
332	20Dec05	###	###	###	###	###	###	###
333	12Jan06	111204	4.66	7.95	917.1	0.5869	12.68	3076
334	17Jan06	110426	7.65	7.88	835	0.535	10.3	19863
335	19Jan06	112438	3.67	7.91	2968	1.9	13.09	1236
336	24Jan06	105719	4.2	8.03	1227	0.7855	13.35	122
337	31Jan06	113449	4.77	8.04	1055	0.6753	13.13	373
338	01Feb06	103112	4.12	8.13	1118	0.7154	13.22	1421
339	09Feb06	93036	0.31	8.55	1172	0.75	11.99	393
340	13Feb06	111128	0.59	8.17	1331	0.852	15.22	771
341	21Feb06	103043	0.63	8.56	1177	0.7535	13.29	472
342	23Feb06	111103	2.98	8.4	1177	0.753	12.86	644
343	01Mar06	114125	6.39	7.96	1190	0.7618	15.82	697
344	09Mar06	104626	8.22	8.34	599.7	0.3838	10.4	12997
345	14Mar06	102939	7.07	8.03	593.1	0.3796	10.99	###
346	22Mar06	105633	2.81	8.43	1325	0.8481	13.18	158
347	30Mar06	103352	9.09	8.15	1254	0.8022	13.48	712
348	04Apr06	105109	7.8	8.07	846.4	0.5417	11.09	1259
349	10Apr06	122640	11.81	8.56	1043	0.6678	12.61	404
350	12Apr06	105254	14.8	8.04	1084	0.694	9.93	605
351	20Apr06	102655	15.56	7.89	1016	0.6506	8.51	1553
352	24Apr06	111126	14.81	8.14	1044	0.6679	11.16	1935
353	08May06	105828	14.34	8.05	1107	0.7085	9.45	426
354	17May06	110400	14.04	8.26	935	0.598	8.96	657
355	18May06	110113	14.02	8.07	456.3	0.292	8.91	14136
356	25May06	102706	17.76	7.83	613.5	0.3926	8.39	11199
357	31May06	103857	22.18	7.92	1044	0.668	7.08	416
358	08Jun06	112326	18.97	8.07	1015	0.65	7.51	762
359	12Jun06	110115	16.54	7.94	800.5	0.5123	7.96	1017
360	15Jun06	105546	19.38	8.01	1051	0.673	7.6	601
361	21Jun06	105938	26.25	7.98	648	0.415	5.77	717
362	29Jun06	105017	19.75	7.93	762.3	0.4879	7.22	8664
363	10Jul06	112402	22.56	7.95	1052	0.6733	7.93	2142
364	12Jul06	112110	22.46	7.87	493.1	0.3156	6.7	12997
365	17Jul06	105038	24.26	7.9	962	0.615	6.58	1039
366	20Jul06	104047	24.59	7.94	1065	0.6813	5.76	1669
367	31Jul06	114716	26.19	8.04	838	0.536	7.15	488
368	09Aug06	110218	22.43	8.07	944.8	0.6047	6.86	399
369	17Aug06	105948	21.11	8	767.7	0.4913	7.67	749
370	23Aug06	103215	20.91	8.06	1060	0.6784	6.97	554
371	28Aug06	114642	23.11	7.91	705.2	0.4513	6.36	9804
372	31Aug06	111800	20.74	8	745	0.477	7.43	408
373	06Sep06	111947	18.58	8.12	1037	0.6639	8.17	836
374	12Sep06	114508	20.36	7.79	360	0.23	7.14	24192
375	14Sep06	112445	18.7	7.95	439.9	0.2815	7.96	1989
376	20Sep06	102655	13.56	8.09	540.4	0.3459	8.85	816
377	26Sep06	104649	14.69	7.89	711	0.455	7.38	605
378	04Oct06	105530	19.17	7.85	403.7	0.2584	6.53	2755
379	10Oct06	105803	15.43	8	983	0.629	8.4	754
380	19Oct06	120520	12.83	7.99	655.4	0.4195	8.33	2247
381	26Oct06	102527	7.91	7.86	888.8	0.5688	9.65	24192
382	31Oct06	104419	12.35	7.81	843.8	0.54	7.7	2659
383	06Nov06	112326	9.13	7.95	1031	0.6601	9.64	275
384	09Nov06	110637	10.85	7.97	722	0.4621	9.55	223
385	13Nov06	102735	6.34	8.07	748.6	0.4793	11.25	496
386	16Nov06	103051	7.81	7.48	205	0.131	10.74	24192
387	28Nov06	105018	9.98	7.73	1094	0.7	10.22	537
388	05Dec06	105355	0.5	8.22	952.1	0.6094	13.21	1334
389	12Dec06	114458	6.94	8.02	759.7	0.4862	10.28	3255
390	14Dec06	105236	6.42	8.14	777.5	0.4976	10.76	1354
391	18Dec06	110803	11.77	8.12	927.5	0.5936	9.79	663
392	21Dec06	103652	8.04	7.68	1348	0.8627	10.68	4106
393	11Jan07	104144	2.77	8.08	969.9	0.6207	11.74	2247
394	16Jan07	103157	5.98	8.17	0	0	11.18	9804
395	18Jan07	###	###	###	###	###	###	1014
396	23Jan07	93447	2.4	7.9	2355	1.507	12.07	1935
397	31Jan07	105025	-0.1	8.12	1313	0.8406	13.18	209
398	08Feb07	###	###	###	###	###	###	###
399	12Feb07	###	###	###	###	###	###	###
400	20Feb07	###	###	###	###	###	###	###
401	22Feb07	###	###	###	###	###	###	###
402	28Feb07	105410	2.76	7.96	1512	0.9676	12.31	1956
403	08Mar07	110410	5.93	8.05	1116	0.7144	11.15	379
404	13Mar07	100657	8.45	8.05	1181	0.7558	11.02	231
405	21Mar07	105046	9.01	7.97	1114	0.7126	11.46	723
406	29Mar07	114657	12.63	8.08	874	0.559	10.41	1616
407	03Apr07	110637	14.69	8.07	1011	0.6473	9.53	226
408	09Apr07	112633	5.71	8.12	1084	0.694	12.29	259
409	19Apr07	104648	10.03	7.86	955.4	0.6114	10.9	2282
410	23Apr07	104715	16.47	7.85	1064	0.6812	10.29	399
411	26Apr07	102911	14.88	7.7	596	0.381	7.98	9208
412	07May07	114733	15.09	8.01	1120	0.717	10.9	1071
413	16May07	103048	17.61	7.76	386	0.247	7.8	17329
414	17May07	110706	14.5	7.66	697.5	0.4464	8.33	5172
415	24May07	112511	20.21	7.74	1183	0.7571	8.16	717
416	30May07	111739	21.3	7.87	983.3	0.6293	7.15	528
417	07Jun07	112156	21.11	7.5	1168	0.7473	4.38	364
418	11Jun07	121609	20.66	7.93	1192	0.763	7.02	907
419	14Jun07	105624	22.19	7.64	1219	0.7804	5.65	1669
420	20Jun07	110939	20.5	7.42	570.9	0.3654	6.56	14136
421	28Jun07	104433	23.26	7.82	428.9	0.2745	7.34	11199
422	03Jul07	110324	19.59	7.54	1033	0.6611	6.25	369
423	09Jul07	110853	24.13	7.96	1156	0.74	6.16	5172
424	16Jul07	105810	21.2	7.86	1055	0.675	5.16	495
425	19Jul07	110457	23.04	7.74	576	0.3687	3.39	512
426	30Jul07	105147	21.91	7.95	927	0.593	6.69	677
427	08Aug07	111542	26.23	7.7	804	0.514	4.4	1081
428	16Aug07	110101	24.43	7.95	1131	0.7236	6.42	328
429	22Aug07	110217	23.85	7.91	627.7	0.4018	6.88	3654
430	27Aug07	114506	21.95	8.07	966.1	0.6183	6.12	404
431	30Aug07	112935	22.24	8	1088	0.696	6.06	399
432	05Sep07	123513	22.78	8.08	1107	0.709	7.69	197
433	11Sep07	104010	20.03	7.78	682.6	0.4368	6.1	8164
434	13Sep07	110914	18.5	7.96	863	0.5523	7.85	1421
435	19Sep07	102707	18.28	8.16	1113	0.7122	6.44	754
436	25Sep07	110443	22.45	7.9	1176	0.7524	4.39	97
437	03Oct07	104452	19.05	8.06	940.3	0.6018	5.5	627
438	09Oct07	105954	19.84	8.15	1055	0.6749	4.66	173
439	18Oct07	105554	19.09	7.77	189.6	0.1213	8.07	24192
440	25Oct07	105947	10.8	7.75	661	0.423	9.03	288
441	30Oct07	103338	8.26	7.86	970	0.621	9.2	1565
442	05Nov07	111549	10.68	7.87	1109	0.7097	8.39	135
443	08Nov07	104842	5.78	8.14	1052	0.674	10.2	185
444	12Nov07	113129	9.31	7.72	418	0.268	10.39	4611
445	15Nov07	111157	8.37	7.24	693	0.4435	10.75	1236
446	27Nov07	111425	4.81	7.57	448.9	0.2873	12.56	6488
447	04Dec07	105742	2.43	7.68	623.2	0.3989	12.46	12997
448	10Dec07	103843	4.25	7.51	1181	0.7558	11.15	4106
449	13Dec07	###	###	###	###	###	###	6131
450	17Dec07	120241	0.46	7.95	2854	1.827	13.27	12997
451	20Dec07	105257	2.54	8.21	1956	1.252	12.95	933
452	10Jan08	103249	5.96	8.03	1048	0.6705	11.35	1126
453	14Jan08	114640	2.01	8.05	1227	0.7852	15.38	627
454	17Jan08	104312	4.36	8.02	1575	1.003	10.96	1145
455	23Jan08	111603	-0.14	7.87	1865	1.194	13.98	794
456	31Jan08	111658	0.69	7.59	1671	1.069	12.64	2909
457	07Feb08	111858	3.44	8.19	1065	0.6816	11.87	11199
458	11Feb08	111021	-0.02	9.29	1413	0.9042	13.36	727
459	19Feb08	104303	0.36	8.03	1638	1.049	13.11	1201
460	21Feb08	111743	-0.04	7.78	1733	1.109	14.44	576
461	27Feb08	105920	0.46	7.83	1774	1.135	13.69	1541
462	06Mar08	105011	3.86	7.95	396.1	0.2535	12.56	1178
463	11Mar08	125613	5.06	8.01	1776	1.136	15.74	426
464	13Mar08	104303	6.69	7.93	1600	1.024	11.56	472
465	19Mar08	112228	6.94	7.63	512.4	0.3279	10.26	24192
466	27Mar08	105038	8.49	7.9	1111	0.711	10.47	9208
467	03Apr08	101643	7.08	8.06	1062	0.68	10.97	275
468	08Apr08	105317	11.67	8.07	1200	0.7682	11.61	413
469	17Apr08	110636	12.74	8.12	1208	0.7731	12.04	313
470	21Apr08	105120	13.7	8.12	1241	0.794	11.4	185
471	24Apr08	110201	16.91	7.77	1255	0.8033	10.1	581
472	05May08	112349	14.41	8.12	1057	0.676	10.19	487
473	08May08	103514	16.18	7.84	1121	0.7173	6.92	2489
474	13May08	111254	14.47	8.08	938.5	0.6006	8.13	759
475	22May08	104845	17.4	8.07	992	0.635	6.3	213
476	28May08	110722	14.75	8.08	1164	0.745	7.16	278
477	05Jun08	105051	20.14	7.94	703	0.45	8.01	8664
478	09Jun08	101007	21.82	7.86	873.1	0.5588	6.26	2755
479	12Jun08	102644	19.69	7.86	943.8	0.6041	7.12	2098
480	18Jun08	100053	17.81	7.7	1047	0.6698	6.59	3076
481	26Jun08	104457	22.17	7.74	1109	0.7098	4.98	15531
482	01Jul08	111752	18.53	7.64	970.6	0.6212	6.81	1850
483	07Jul08	125410	23.51	7.83	991	0.634	7.22	3654
484	14Jul08	103806	20.16	7.8	787.4	0.504	7.25	2613
485	17Jul08	111829	23.05	7.95	1080	0.691	7.08	2382
486	28Jul08	110450	21.25	7.73	1012	0.6478	5.93	6131
487	11Aug08	114540	20.76	7.85	1034	0.6615	7.39	717
488	14Aug08	111540	20.15	7.73	1115	0.7137	7.44	24192
489	20Aug08	111012	21.02	7.75	1101	0.7045	8.25	1211
490	25Aug08	110945	20.46	7.99	1149	0.7351	7.68	419
491	28Aug08	104250	20.71	7.92	1216	0.7782	7.38	860
492	09Sep08	102747	19.37	7.27	391	0.25	7.54	17329
493	11Sep08	105100	17.51	7.8	739	0.473	5.2	1918
494	15Sep08	105922	18.39	7.73	649.3	0.4155	8.81	2098
495	22Sep08	105814	18.03	7.69	615.8	0.3941	7.69	24192
496	25Sep08	104335	17.48	7.88	911	0.583	8.2	331
497	07Oct08	112843	15.39	8.02	1138	0.7282	10.59	292
498	15Oct08	110201	19.2	7.89	1016	0.65	7.16	134
499	20Oct08	103839	10.64	8	1166	0.7461	10.83	52
500	23Oct08	111509	8.47	8	1213	0.776	11.47	109
501	27Oct08	111833	7.91	7.64	698	0.447	9.12	1904
502	03Nov08	112022	12.36	8.57	1116	0.7145	10.66	31
503	05Nov08	110524	13.45	8.18	1095	0.7008	8.55	41
504	11Nov08	112140	4.24	7.94	1229	0.7865	11.22	185
505	13Nov08	104510	9.7	7.78	313.4	0.2006	11.66	6488
506	17Nov08	105755	4.89	7.95	605	0.387	13.85	305
507	02Dec08	110918	1.15	8.02	902	0.5773	12.78	350
508	04Dec08	112343	1.49	7.76	917.6	0.5873	12.5	1281
509	15Dec08	104354	4.05	7.84	1009	0.6459	11.89	1785
510	17Dec08	105330	-0.14	7.8	1278	0.818	12.2	816
511	18Dec08	110131	0.14	7.91	1164	0.7449	12.9	573
512	06Jan09	114157	1.35	7.93	2224	1.423	12.46	624
513	07Jan09	110225	3.1	7.93	1654	1.059	11.8	435
514	15Jan09	###	###	###	###	###	###	###
515	22Jan09	###	###	###	###	###	###	###
516	27Jan09	###	###	###	###	###	###	###
517	05Feb09	###	###	###	###	###	###	###
518	10Feb09	110218	8.43	8.18	1613	1.032	10.11	305
519	12Feb09	111038	5.76	8.1	1110	0.711	11.46	5475
520	16Feb09	104806	1.71	8.23	1332	0.853	13.37	393
521	24Feb09	111300	1.3	8.99	2094	1.34	13.26	169
522	12Mar09	105739	4.03	7.71	1190	0.7614	12.55	1210
523	18Mar09	104834	11.34	8.42	1189	0.761	12.61	359
524	24Mar09	112429	10	7.8	1253	0.8022	10.34	563
525	26Mar09	111111	10.94	7.71	816.9	0.5228	10	2098
526	30Mar09	110218	6.38	7.6	1031	0.6599	13.03	2909
527	01Apr09	105854	8.48	7.68	1140	0.7295	11.51	8664
528	07Apr09	110509	6.84	8.14	876	0.561	10.43	6488
529	13Apr09	112124	7.91	7.87	594	0.38	10.27	14136
530	22Apr09	104713	8.88	7.83	883.3	0.5653	12.18	487
531	29Apr09	110234	14.43	7.59	309.5	0.1981	9.35	12033
532	06May09	103427	17.12	7.88	1046	0.67	7.79	350
533	11May09	105352	14.4	8.64	997.4	0.6384	9.17	583
534	14May09	112216	16.91	7.75	328.6	0.2103	7.24	24192
535	18May09	111447	12.83	8.02	914.8	0.5855	8.87	233
536	21May09	110427	17.13	8.2	1109	0.71	8.19	857
537	03Jun09	104238	19.24	7.68	318	0.204	6.96	24192
538	10Jun09	105301	19.55	7.82	847.2	0.5422	5.75	15531
539	18Jun09	110335	19.6	7.94	755	0.483	6.96	5794
540	25Jun09	94648	23.03	7.94	915	0.585	6.76	809
541	29Jun09	104814	21.18	7.83	1064	0.681	7.08	1497
542	08Jul09	102755	19.96	7.6	993.6	0.6359	7.43	1850
543	16Jul09	105800	21.48	8.06	724	0.464	7.8	2187
544	21Jul09	111030	19.25	7.94	986	0.631	8.16	4884
545	23Jul09	105239	19.59	7.93	701	0.4486	7.14	2014
546	29Jul09	102948	22.21	8.01	931.9	0.5964	6.63	1112
547	10Aug09	110437	23.79	7.97	1051	0.6726	7.28	884
548	13Aug09	102623	20.92	8.07	1122	0.7181	8.23	1119
549	17Aug09	105526	23.76	7.94	1236	0.791	7.07	650
550	19Aug09	104353	23.23	7.95	1164	0.7451	6.83	437
551	26Aug09	103936	21.01	7.96	1018	0.6514	8.36	794
552	03Sep09	105553	18.01	7.91	983.7	0.6295	7.25	275
553	09Sep09	104911	19.24	8.01	1093	0.6996	7.17	199
554	16Sep09	103726	21.25	7.64	503.3	0.3221	9.75	529
555	21Sep09	104046	19.62	8.02	1252	0.8014	7.2	187
556	29Sep09	105548	13.87	8.02	773.2	0.4948	9.55	354
557	08Oct09	114607	12.26	7.89	805	0.515	8.91	563
558	15Oct09	111434	10.33	7.96	833.6	0.5335	10.66	1935
559	19Oct09	110107	7.33	8.12	902	0.577	10.54	63
560	22Oct09	90313	11.7	7.82	1090	0.698	6.22	19863
561	27Oct09	112144	12.27	7.57	857	0.5485	10.46	185
562	03Nov09	104636	9.59	7.98	839.5	0.5373	9.49	425
563	09Nov09	112240	13.35	8	1047	0.67	10.36	110
564	11Nov09	112438	9.98	8.06	1100	0.7042	10.44	432
565	17Nov09	110027	8.21	8.14	1040	0.666	10.17	4106
566	18Nov09	105545	9.41	7.96	406	0.2598	9.39	6131
567	30Nov09	104915	7.06	7.95	858.7	0.5496	12.96	521
568	03Dec09	105002	6.32	7.92	349.7	0.2238	10.94	5475
569	08Dec09	104728	2.51	7.99	1008	0.6453	###	3076
570	10Dec09	111737	0	7.85	709	0.454	14.11	1500
571	15Dec09	###	4.22	8.06	826	0.5286	17.05	1019
572	05Jan10	###	###	###	###	###	###	###
573	12Jan10	###	###	###	###	###	###	###
574	14Jan10	###	###	###	###	###	###	###
575	21Jan10	###	1.96	8.16	1761	1.127	13.15	1092
576	26Jan10	104720	0.57	8.11	1588	1.016	###	1860
577	04Feb10	111334	1.16	8.18	1404	0.8985	14.4	480
578	16Feb10	###	###	###	###	###	###	###
579	17Feb10	###	###	###	###	###	###	###
580	22Feb10	110317	1.42	7.64	3074	1.967	12.31	4611
581	23Feb10	105136	2.31	7.85	1970	1.261	12.66	8164
582	10Mar10	105207	9.74	8.15	1777	1.137	14.52	121
583	17Mar10	110556	8.03	7.75	1651	1.057	11.96	135
584	23Mar10	105625	6.86	8.12	989.6	0.6334	###	1211
585	25Mar10	105434	10.69	7.92	1589	1.017	12.37	369
586	31Mar10	103444	9.9	7.91	1438	0.92	12.9	175
587	06Apr10	105001	17.21	7.88	718.7	0.46	7.62	2909
588	12Apr10	113027	14.69	8.02	1148	0.7347	10.43	246
589	19Apr10	110748	12.11	8.07	1443	0.923	11.5	52
590	21Apr10	111416	13.54	7.93	1341	0.8586	11.18	161
591	28Apr10	110659	11.25	7.89	1194	0.7639	7.92	259
592	06May10	101959	16.25	7.82	1135	0.727	7.18	272
593	10May10	104902	11.79	8	825.7	0.5284	8.54	441
594	13May10	104353	18.06	7.94	744	0.476	6.79	1789
595	17May10	112530	13.93	8.08	366	0.2342	9.64	24192
596	20May10	103601	14.24	7.9	1114	0.7132	9.53	703
597	02Jun10	102713	21.26	7.77	821	0.525	6.19	1017
598	09Jun10	111729	###	###	###	###	###	14136
599	17Jun10	110631	21.33	7.83	926	0.593	7.97	651
600	24Jun10	102947	21.99	7.52	1015	0.6493	5.7	1450
601	28Jun10	105915	23.27	7.67	530	0.339	6.4	24192
602	01Jul10	111439	19.32	7.79	1134	0.725	9.72	733
603	15Jul10	103750	23.88	7.78	944	0.604	5.09	1391
604	21Jul10	112545	23.98	7.64	470	0.301	7.49	8164
605	22Jul10	###	###	###	###	###	###	2489
606	28Jul10	102223	24.24	7.93	876.7	0.5611	6.72	624
607	03Aug10	105831	23.3	8.05	972.9	0.6226	5.6	581
608	12Aug10	103854	24.87	7.8	1046	0.669	5.38	2143
609	16Aug10	103336	22.27	7.75	379.8	0.2431	7.66	441
610	18Aug10	104717	22.35	7.66	869.3	0.5563	7.98	350
611	26Aug10	104011	19.3	7.87	1124	0.7193	7.52	404
612	31Aug10	102258	22.42	7.92	1172	0.75	6.78	295
613	01Sep10	103003	22.21	8.05	1155	0.7393	7.73	122
614	14Sep10	110046	18.89	7.88	1178	0.7539	7.35	187
615	22Sep10	101507	21.78	7.75	1255	0.8032	5.26	1098
616	28Sep10	110216	15.12	8.02	1160	0.742	9.28	156
617	07Oct10	112624	14.95	7.95	991.8	0.6348	7.19	1291
618	14Oct10	101520	14.15	7.61	583.6	0.3735	6.88	15531
619	18Oct10	105309	11.98	7.91	847	0.542	8.25	256
620	21Oct10	###	###	###	###	###	###	479
621	26Oct10	100839	16.9	7.64	911.6	0.5834	7.14	2382
622	08Nov10	110432	6.77	7.94	1033	0.661	12.6	160
623	10Nov10	103648	8.45	7.98	1088	0.697	10.43	148
624	16Nov10	105436	6.07	7.81	1128	0.722	10.87	457
625	18Nov10	111729	6.64	7.91	501	0.32	10.91	620
626	23Nov10	110059	11.12	7.82	308	0.197	10.26	11199
627	29Nov10	110149	4.86	7.99	865.9	0.5542	11.12	529
628	02Dec10	110002	2.14	7.86	783.4	0.5013	13.66	1483
629	07Dec10	103837	-0.27	7.74	2297	1.47	14.45	3255
630	09Dec10	###	###	###	###	###	###	###
631	14Dec10	###	###	###	###	###	###	###
632	04Jan11	104429	0.25	7.66	1497	0.958	13.63	1529
633	06Jan11	112001	1.12	7.85	1624	1.039	13.87	336
634	13Jan11	###	###	###	###	###	###	###
635	20Jan11	114045	-0.14	7.76	2585	1.655	14.23	882
636	25Jan11	###	###	###	###	###	###	###
637	07Feb11	###	###	###	###	###	###	###
638	08Feb11	###	###	###	###	###	###	###
639	10Feb11	###	###	###	###	###	###	###
640	15Feb11	110140	0.42	8.02	2059	1.318	13.67	1515
641	22Feb11	110313	3.34	7.87	1438	0.9206	13.15	3873
642	09Mar11	84253	7.29	7.62	1269	0.812	12.43	1333
643	16Mar11	101423	6.89	7.9	943.2	0.6036	12.69	959
644	22Mar11	104705	12.51	7.88	1442	0.923	12.14	4611
645	24Mar11	110632	8.94	7.89	1418	0.9072	11.43	12997
646	29Mar11	105752	6.52	7.78	1471	0.9413	13.97	86
647	05Apr11	10:54:49	9.1	8.15	867	0.5655	11.03	2851
648	11Apr11	10:51:31	17	8.03	1099	0.715	8.16	727
649	18Apr11	11:21:43	13.5	8.18	1145	0.741	9.43	5794
650	20Apr11	11:12:57	11.6	7.81	510	0.3315	9.81	24192
651	27Apr11	11:36:34	15	7.95	391.3	0.2542	9.49	24192
652	05May11	10:54:09	10.4	8.17	1007	0.6565	11.64	631
653	09May11	10:41:10	14.7	8.09	892	0.5785	13.78	2063
654	12May11	10:57:35	20.1	8.06	1157	0.754	8.41	331
655	16May11	12:10:22	14.2	8.04	843	0.546	11.17	2489
656	18May11	10:47:56	12.6	7.9	1074	0.6955	8.97	416
657	08Jun11	110203	23.48	7.63	1058	0.6774	6.18	1039
658	14Jun11	10:44:09	19.2	8.1	971	0.6305	7.12	565
659	23Jun11	10:27:40	19.8	8.05	932	0.6045	7.14	1145
660	27Jun11	10:37:01	19	7.89	806	0.5265	6.55	11199
661	29Jun11	10:30:01	19.7	7.99	933	0.6045	8.64	990
662	30Jun11	11:04:10	20.8	8.06	1002	0.65	7.43	703
663	14Jul11	10:49:44	21.6	8.07	1025	0.663	7.14	960
664	18Jul11	10:02:04	24.4	8.07	1106	0.7215	6.04	3448
665	20Jul11	10:47:44	26.3	8.08	1027	0.6695	5.86	1669
666	27Jul11	10:45:42	24.9	8.03	747	0.4875	5.62	1017
667	02Aug11	10:42:45	25.5	8.07	779	0.507	5.11	480
668	15Aug11	11:16:53	20.6	7.94	539	0.3503	6.31	3076
669	17Aug11	10:45:41	20.6	8.05	618	0.403	9.49	487
670	23Aug11	10:42:14	20.7	7.9	685	0.4485	4.66	2613
671	29Aug11	11:12:08	20	8.05	803	0.52	7.78	336
672	31Aug11	10:59:10	20.1	7.98	733	0.4745	6.63	3873
673	14Sep11	10:59:10	18.5	7.94	698	0.455	7.53	408
674	21Sep11	11:01:33	19.5	8.01	509	0.3308	8.77	2909
675	27Sep11	10:37:20	15.3	8.08	537	0.349	8.89	4106
676	06Oct11	11:12:24	14.5	8.2	954	0.6175	7.92	10
677	13Oct11	11:05:12	16.2	8.03	952	0.6175	7.8	12997
678	17Oct11	11:13:17	12.4	7.92	559	0.3634	4.8	218
679	20Oct11	10:25:46	9.9	8.1	303.3	0.1969	10.87	7270
680	25Oct11	10:46:43	11	8.09	916	0.598	9.15	250
681	09Nov11	11:52:54	13.8	8.09	525	0.3412	8.58	20
682	15Nov11	10:53:41	13.2	8.01	372.9	0.2424	8.34	5247
683	17Nov11	10:44:02	7.2	8.11	623	0.405	13.1	645
684	22Nov11	11:58:50	9.1	7.88	432.1	0.2808	10.97	24192
685	28Nov11	11:23:23	7.8	7.94	390.2	0.2535	10.72	3654
686	01Dec11	10:52:29	4.3	7.9	817	0.531	18.71	3654
687	06Dec11	10:50:40	6.2	8.13	486.3	0.3159	12.31	1354
688	13Dec11	10:12:37	3.5	8.03	1094	0.7085	12.26	1576
689	20Dec11	10:05:51	7.1	8.04	865	0.559	11.51	7701
690	22Dec11	11:01:12	8.2	8.12	646	0.4199	11.47	2012
691	12Jan12	11:11:54	5.6	8.3	846	0.5525	12.51	860
692	19Jan12	10:20:01	1.3	8.07	1042	0.676	13.77	830
693	25Jan12	11:16:30	2.4	8.3	1357	0.884	14.15	512
694	31Jan12	10:31:23	6	8.08	1370	0.8905	13.58	301
695	01Feb12	11:19:12	8.9	8.23	1202	0.78	13.69	311
696	09Feb12	10:50:47	3.1	8.06	1260	0.819	13.96	135
697	13Feb12	11:26:10	1	8.14	1411	0.9165	17.55	120
698	21Feb12	10:07:24	4.2	7.9	1424	0.923	12.09	1467
699	23Feb12	12:17:49	6.2	8.14	1493	0.9685	13.92	132
700	01Mar12	11:25:50	7	8.04	954	0.6175	13.07	556
701	13Mar12	10:42:42	13	8.14	1177	0.767	9.8	624
702	15Mar12	11:17:37	16	8.1	1176	0.767	9.83	313
703	21Mar12	10:13:39	18	7.98	1134	0.7345	10.19	134
704	29Mar12	10:53:51	12.9	8.36	1078	0.702	9.4	703
705	03Apr12	10:55:45	14.7	8.06	831	0.5395	9.27	471
706	09Apr12	12:18:01	13.4	8.29	987	0.6435	10.57	85
707	11Apr12	10:22:32	8.5	8.1	1140	0.741	9.01	464
708	19Apr12	10:31:54	14.3	8.06	955	0.6175	8.89	216
709	23Apr12	12:25:12	0.61	7.86	1111	0.7108	###	52
710	07May12	10:53:13	20.3	8.11	1040	0.676	8.63	292
711	16May12	10:42:08	18	8.24	1086	0.7085	5.1	354
712	17May12	10:27:20	15.9	8.13	1105	0.715	7.7	886
713	24May12	10:47:50	19.5	8.12	1223	0.793	6.86	1071
714	30May12	10:44:57	20.6	7.96	1098	0.715	7.69	1785
715	07Jun12	10:49:17	17.2	8.04	1015	0.663	6.89	313
716	11Jun12	10:22:10	21.7	7.98	1273	0.8255	6.25	448
717	14Jun12	10:49:53	18.7	8.03	1073	###	7.58	809
718	20Jun12	10:45:36	23.4	7.95	1090	0.7085	6.7	959
719	28Jun12	10:39:44	21.9	7.98	1086	0.7085	5.65	717
720	09Jul12	10:41:19	24.1	7.87	1007	0.6565	3.46	20
721	16Jul12	11:07:21	25.6	7.84	989	0.6435	2.18	369
722	19Jul12	10:45:40	24.8	7.79	993	0.6435	2.31	24192
723	30Jul12	10:36:17	22.7	7.95	868	0.5655	3.11	4352
724	31Jul12	14:02:21	24.5	7.7	890	0.5785	1.98	24192
725	08Aug12	9:24:18	23.1	7.84	743	0.481	4.55	884
726	16Aug12	###	###	###	###	###	###	520
727	22Aug12	10:48:30	19.1	8.15	713	0.4615	5.99	179
728	27Aug12	11:38:51	23.6	7.8	420.9	0.2737	7.65	24192
729	30Aug12	10:48:01	21.1	8.04	699	0.455	8.16	471
730	05Sep12	11:13:54	24.1	7.91	697	0.455	6.34	1565
731	11Sep12	10:45:49	18	7.93	542	0.3523	7.1	638
732	13Sep12	10:44:28	20.4	8.03	1022	0.663	7.05	479
733	19Sep12	10:38:52	14.2	7.89	1042	0.676	7.88	146
734	25Sep12	10:35:37	13.8	7.94	1211	0.7865	8.9	906
735	03Oct12	10:54:20	15.1	7.78	526	0.3419	8.24	1106
736	09Oct12	10:39:47	9.7	8.01	879	0.572	10.88	201
737	18Oct12	10:48:01	13.7	7.64	430.1	0.2795	8.57	17329
738	25Oct12	10:24:10	15.7	7.89	693	0.4485	7.66	816
739	30Oct12	10:38:35	7.8	7.96	985	0.637	10.09	292
740	05Nov12	10:49:56	5.4	7.91	987	0.6435	13.14	1017
741	08Nov12	10:51:13	6.2	8.16	1025	0.663	13.69	345
742	12Nov12	10:38:10	11.1	7.79	250.4	0.1625	9.97	8164
743	15Nov12	10:38:39	4.4	8.06	767	0.4986	13.78	886
744	28Nov12	10:46:59	2.4	8.17	992	0.6435	15.16	197
745	04Dec12	10:34:46	13.1	7.98	935	0.611	7.06	419
746	11Dec12	11:21:31	4.6	8.17	604	0.3926	12.69	448
747	13Dec12	10:39:42	2.2	7.92	911	0.5915	15.41	259
748	17Dec12	10:42:54	7.4	7.92	877	0.572	13.99	262
749	19Dec12	10:59:41	5.7	8.13	898	0.585	12.44	161
750	10Jan13	10:22:44	2.8	7.83	1560	1.014	14.13	1223
751	14Jan13	11:24:09	3.6	7.88	834	0.5421	13.15	15531
752	17Jan13	11:00:16	3.4	8.11	1192	0.7735	14.67	2909
753	23Jan13	###	###	###	###	###	###	###
754	31Jan13	10:50:33	2.5	8.02	897	0.585	14.71	2359
755	07Feb13	11:21:43	3.2	8.07	1414	0.9165	13.74	798
756	11Feb13	11:44:05	5	8.15	1371	0.8905	12.29	413
757	19Feb13	11:05:57	2.9	8.11	1296	0.845	14.01	1112
758	21Feb13	11:05:59	0.7	8.14	1224	0.793	14.88	74
759	27Feb13	11:19:59	4.3	8.05	1050	0.6825	12.82	4352
760	07Mar13	10:51:55	2.4	7.99	3556	2.314	14.28	4884
761	12Mar13	10:43:37	5.1	8.09	1453	0.9425	12.76	496
762	14Mar13	11:20:38	2.2	8.1	1472	0.9555	15.43	663
763	20Mar13	10:14:03	2.6	8.17	1278	0.832	13.59	336
764	28Mar13	11:07:15	3.8	8.12	1943	1.261	15.13	199
765	02Apr13	10:19:57	5.6	8.18	1420	0.923	13.06	148
766	09Apr13	10:54:04	15	8.13	1343	0.871	9.88	318
767	18Apr13	11:09:25	15.4	8.16	967	0.6305	9.84	2755
768	22Apr13	11:08:59	10.1	8.19	1009	0.6565	11.62	1500
769	25Apr13	10:54:18	9.5	8.04	850	0.5525	12.09	4884
770	06May13	11:08:53	14.3	8.16	1126	0.7345	10.36	985
771	09May13	10:57:58	17.5	8.16	1116	0.728	9.56	240
772	15May13	10:46:40	18.1	8.12	1131	0.7345	8.86	399
773	23May13	10:26:36	18.1	7.84	687	0.4485	6.58	15531
774	29May13	11:09:00	20	7.98	897	0.585	6.62	1565
775	05Jun13	11:22:28	17.6	8.13	999	0.65	7.89	583
776	10Jun13	10:10:06	19.8	7.89	1013	0.6565	7.08	24192
777	12Jun13	10:59:14	22	8.1	1030	0.6695	7.72	1483
778	19Jun13	10:45:11	20.4	8.34	1017	0.663	6.36	410
779	27Jun13	10:15:36	22.4	8.31	1001	0.65	6.75	389
780	02Jul13	10:44:33	18.8	7.99	411.5	0.2678	6.84	15531
781	08Jul13	11:11:51	22.3	8.02	888	0.5785	6.26	771
782	15Jul13	10:43:39	23.7	8.16	1050	0.6825	7.84	413
783	18Jul13	10:41:59	24.7	8.26	1056	0.689	5.78	1017
784	31Jul13	11:10:38	19.5	7.9	916	0.598	6.02	1439
785	12Aug13	11:06:52	22.3	7.96	884	0.572	5.6	243
786	15Aug13	10:50:35	17.2	8.19	983	0.637	7.47	148
787	21Aug13	10:59:21	21.8	7.92	1011	0.6565	4.64	189
788	26Aug13	10:30:21	21.4	8.02	1007	0.6565	5.79	323
789	29Aug13	10:39:35	23.7	8.1	1035	0.6695	4.69	108
790	10Sep13	10:04:37	24.2	7.9	553	0.3575	5.03	187
791	12Sep13	10:44:49	23.5	7.63	576	0.377	3.61	24192
792	16Sep13	9:54:04	17	7.72	796	0.52	6.44	435
793	23Sep13	11:46:19	15.4	8.1	557	0.362	8.82	240
794	26Sep13	10:42:24	16.2	7.81	771	0.5005	6.03	295
795	08Oct13	11:23:16	14.4	8.16	615	0.3998	11.39	2098
796	17Oct13	10:52:04	12.1	8.19	949	0.6175	7.31	41
797	21Oct13	11:16:27	11.4	8.23	866	0.5655	11.12	122
798	24Oct13	10:08:42	7.4	8.09	785	0.507	9.93	435
799	28Oct13	10:40:05	6.8	8.15	793	0.5135	10.44	41
800	04Nov13	11:13:04	9	8.18	834	0.5395	10.57	233
801	06Nov13	9:39:24	11.4	8.22	937	0.611	10	109
802	12Nov13	11:22:28	5.2	8.15	918	0.598	11.04	108
803	14Nov13	10:38:07	3.2	8.08	992	0.6435	11.68	96
804	18Nov13	10:46:45	9.7	8.06	496	0.3224	10.91	2851
805	03Dec13	11:38:06	5.8	8.37	1038	0.676	12.2	292
806	05Dec13	11:05:43	7.9	8.18	1021	0.663	11.53	328
807	12Dec13	###	###	###	###	###	###	###
808	16Dec13	10:46:17	-0.1	7.82	5349	3.4775	14.84	960
809	19Dec13	###	###	###	###	###	###	###
810	13Jan14	10:34:52	4	8.04	1201	0.78	15.76	839
811	16Jan14	###	###	###	###	###	###	###
812	22Jan14	###	###	###	###	###	###	###
813	29Jan14	10:12:41	-0.1	7.57	2040	1.326	13.38	1112
814	30Jan14	###	###	###	###	###	###	###
815	06Feb14	10:40:25	-0.1	8.07	2265	1.469	14.29	464
816	12Feb14	###	###	###	###	###	###	###
817	18Feb14	10:51:16	0.7	7.92	4056	2.639	15.64	282
818	20Feb14	10:33:24	0.5	7.9	2011	1.3065	14.98	2382
819	26Feb14	11:15:57	0.2	8.1	1558	1.014	15.39	295
820	06Mar14	10:58:29	0.6	8.4	2013	1.3065	15.81	278
821	11Mar14	11:14:29	7.4	8.39	1593	1.0335	12.66	2481
822	13Mar14	10:44:24	1.1	8.2	1423	0.923	15.85	839
823	19Mar14	10:40:25	7.6	8.39	1293	0.8385	11.2	520
824	27Mar14	10:41:11	4	8.34	1483	0.962	13.97	471
825	01Apr14	10:51	10.7	8.32	1600	1.04	11.43	85
826	08Apr14	10:49:40	8.4	8.14	862	0.559	12.58	2755
827	17Apr14	10:36:37	8.6	7.97	1210	0.7865	13.84	382
828	21Apr14	10:34:45	14.3	8.23	1263	0.819	12.1	324
829	24Apr14	10:55:31	12.7	8.27	1302	0.845	10.97	145
830	05May14	11:42:16	13.2	8.28	1226	0.7995	11.18	368
831	08May14	10:57:42	19.5	8.15	1283	0.832	8.4	788
832	14May14	10:30:43	17.4	7.92	670	0.4355	7.71	2247
833	22May14	10:51:43	17.9	8.09	660	0.429	8.26	19863
834	28May14	10:36:24	20.7	8.18	1203	0.78	7.72	573